Municipi;Població;
Abella de la Conca;161;
Abrera;12981;
Àger;608;
Agramunt;5592;
Aguilar de Segarra;291;
Agullana;910;
Aiguafreda;2582;
Aiguamúrcia;965;
Aiguaviva;800;
Aitona;2575;
els Alamús;799;
Alàs i Cerc;325;
l'Albagés;343;
Albanyà;167;
Albatàrrec;2247;
Albesa;1571;
l'Albi;764;
Albinyana;2678;
l'Albiol;538;
Albons;828;
Alcanar;9871;
Alcanó;240;
Alcarràs;10217;
Alcoletge;3621;
Alcover;5334;
l'Aldea;4554;
Aldover;897;
l'Aleixar;980;
Alella;10200;
Alfara de Carles;363;
Alfarràs;2759;
Alfés;284;
Alforja;2027;
Algerri;426;
Alguaire;2992;
Alins;275;
Alió;506;
Almacelles;7031;
Almatret;303;
Almenar;3321;
Almoster;1338;
Alòs de Balaguer;118;
Alp;1727;
Alpens;270;
Alpicat;6466;
Alt Àneu;457;
Altafulla;5809;
Amer;2421;
l'Ametlla de Mar;7347;
l'Ametlla del Vallès;9448;
l'Ampolla;3692;
Amposta;22623;
Anglès;5915;
Anglesola;1370;
Arbeca;2085;
l'Arboç;5745;
Arbolí;129;
Arbúcies;6555;
Arenys de Mar;16513;
Arenys de Munt;9444;
Argelaguer;451;
Argençola;241;
l'Argentera;129;
Argentona;12850;
l'Armentera;1070;
Arnes;463;
Arres;63;
Arsèguel;78;
Artés;6051;
Artesa de Lleida;1536;
Artesa de Segre;3519;
Ascó;1609;
Aspa;219;
les Avellanes i Santa Linya;430;
Avià;2242;
Avinyó;2311;
Avinyonet de Puigventós;1689;
Avinyonet del Penedès;1745;
Badalona;226219;
Badia del Vallès;13109;
Bagà;2181;
Baix Pallars;344;
Balaguer;17597;
Balenyà;3999;
Balsareny;3325;
Banyeres del Penedès;3340;
Banyoles;20707;
Barbens;908;
Barberà de la Conca;480;
Barberà del Vallès;33644;
Barcelona;1686208;
la Baronia de Rialb;230;
Bàscara;1055;
Bassella;210;
Batea;1881;
Bausen;60;
Begues;7439;
Begur;4227;
Belianes;518;
Bellaguarda;295;
Bellcaire d'Empordà;737;
Bellcaire d'Urgell;1226;
Bell-lloc d'Urgell;2347;
Bellmunt d'Urgell;183;
Bellmunt del Priorat;294;
Bellprat;69;
Bellpuig;5246;
Bellvei;2409;
Bellver de Cerdanya;2266;
Bellvís;2251;
Benavent de Segrià;1571;
Benifallet;724;
Benissanet;1192;
Berga;17195;
Besalú;2577;
Bescanó;5122;
Beuda;205;
Bigues i Riells del Fai;10035;
Biosca;177;
la Bisbal d'Empordà;11637;
la Bisbal de Falset;207;
la Bisbal del Penedès;4183;
Biure;225;
Blancafort;393;
Blanes;41935;
Boadella i les Escaules;260;
Bolvir;497;
Bonastre;762;
Es Bòrdes;281;
Bordils;1801;
les Borges Blanques;6340;
les Borges del Camp;2256;
Borrassà;774;
Borredà;426;
Bossòst;1144;
Bot;552;
Botarell;1170;
Bovera;253;
Bràfim;697;
Breda;3917;
el Bruc;2293;
el Brull;293;
Brunyola i Sant Martí Sapresa;393;
Cabacés;301;
Cabanabona;65;
Cabanelles;280;
Cabanes;975;
les Cabanyes;1011;
Cabó;91;
Cabra del Camp;1325;
Cabrera d'Anoia;1712;
Cabrera de Mar;5014;
Cabrils;7764;
Cadaqués;2894;
Calaf;3595;
Calafell;31567;
Calders;1114;
Caldes d'Estrac;3241;
Caldes de Malavella;8445;
Caldes de Montbui;18334;
Calella;20207;
Calldetenes;2690;
Callús;2151;
Calonge de Segarra;174;
Calonge i Sant Antoni;12203;
Camarasa;818;
Camarles;3428;
Cambrils;36686;
Camós;713;
Campdevànol;3250;
Campelles;165;
Campins;609;
Campllong;544;
Camprodon;2521;
Canejan;101;
Canet d'Adri;744;
Canet de Mar;15135;
la Canonja;5936;
Canovelles;17264;
Cànoves i Samalús;3309;
Cantallops;346;
Canyelles;5360;
Capafonts;106;
Capçanes;426;
Capellades;5558;
Capmany;691;
Capolat;92;
Cardedeu;19091;
Cardona;4566;
Carme;819;
Caseres;240;
Cassà de la Selva;10941;
Casserres;1675;
Castell d'Aro, Platja d'Aro i s'Agaró;12773;
Castell de l'Areny;69;
Castell de Mur;175;
Castellar de la Ribera;144;
Castellar de n'Hug;164;
Castellar del Riu;163;
Castellar del Vallès;25301;
Castellbell i el Vilar;4130;
Castellbisbal;12965;
Castellcir;778;
Castelldans;891;
Castelldefels;69196;
Castellet i la Gornal;2665;
Castellfollit de la Roca;947;
Castellfollit de Riubregós;151;
Castellfollit del Boix;460;
Castellgalí;2339;
Castellnou de Bages;1430;
Castellnou de Seana;728;
Castelló d'Empúries;12132;
Castelló de Farfanya;543;
Castellolí;659;
Castellserà;992;
Castellterçol;2766;
Castellvell del Camp;2991;
Castellví de la Marca;1714;
Castellví de Rosanes;2098;
el Catllar;5215;
Cava;40;
la Cellera de Ter;2013;
Celrà;5553;
Centelles;7771;
Cercs;1193;
Cerdanyola del Vallès;57831;
Cervelló;9633;
Cervera;9553;
Cervià de les Garrigues;640;
Cervià de Ter;997;
Cistella;294;
Ciutadilla;194;
Clariana de Cardener;160;
el Cogul;162;
Colera;490;
Coll de Nargó;583;
Collbató;4847;
Colldejou;161;
Collsuspina;390;
Colomers;205;
la Coma i la Pedra;283;
Conca de Dalt;435;
Conesa;113;
Constantí;6921;
Copons;352;
Corbera d'Ebre;1016;
Corbera de Llobregat;15783;
Corbins;1483;
Corçà;1282;
Cornellà de Llobregat;91196;
Cornellà del Terri;2394;
Cornudella de Montsant;1033;
Creixell;4169;
Crespià;251;
Cruïlles, Monells i Sant Sadurní de l'Heura;1323;
Cubelles;17300;
Cubells;342;
Cunit;15750;
Darnius;549;
Das;270;
Deltebre;11941;
Dosrius;6152;
Duesaigües;223;
l'Escala;10630;
Esparreguera;22499;
Espinelves;254;
l'Espluga Calba;332;
l'Espluga de Francolí;3850;
Esplugues de Llobregat;47700;
Espolla;412;
Esponellà;438;
Espot;379;
l'Espunyola;263;
l'Esquirol;2275;
Estamariu;133;
l'Estany;401;
Estaràs;162;
Esterri d'Àneu;920;
Esterri de Cardós;63;
Falset;2875;
el Far d'Empordà;626;
Farrera;128;
la Fatarella;856;
la Febró;36;
Figaró-Montmany;1190;
Fígols;42;
Fígols i Alinyà;244;
la Figuera;123;
Figueres;48670;
Figuerola del Camp;346;
Flaçà;1145;
Flix;3323;
la Floresta;164;
Fogars de la Selva;1678;
Fogars de Montclús;503;
Foixà;291;
Folgueroles;2262;
Fondarella;807;
Fonollosa;1584;
Fontanals de Cerdanya;531;
Fontanilles;168;
Fontcoberta;1501;
Font-rubí;1432;
Foradada;200;
Forallac;1761;
Forès;40;
Fornells de la Selva;2780;
Fortià;801;
les Franqueses del Vallès;20667;
Freginals;425;
la Fuliola;1249;
Fulleda;92;
Gaià;178;
la Galera;717;
Gallifa;174;
Gandesa;3160;
Garcia;540;
els Garidells;204;
la Garriga;17277;
Garrigàs;470;
Garrigoles;186;
Garriguella;967;
Gavà;47961;
Gavet de la Conca;262;
Gelida;8078;
Ger;494;
Gimenells i el Pla de la Font;1095;
Ginestar;800;
Girona;106476;
Gironella;5072;
Gisclareny;30;
Godall;621;
Golmés;1913;
Gombrèn;197;
Gósol;214;
la Granada;2263;
la Granadella;762;
Granera;83;
la Granja d'Escarp;941;
Granollers;63897;
Granyanella;140;
Granyena de les Garrigues;164;
Granyena de Segarra;147;
Gratallops;232;
Gualba;1743;
Gualta;428;
Guardiola de Berguedà;951;
els Guiamets;256;
Guils de Cerdanya;568;
Guimerà;249;
la Guingueta d'Àneu;283;
Guissona;7586;
Guixers;135;
Gurb;2711;
Horta de Sant Joan;1157;
l'Hospitalet de Llobregat;282299;
els Hostalets de Pierola;3232;
Hostalric;4443;
Igualada;41755;
Isona i Conca Dellà;1042;
Isòvol;330;
Ivars d'Urgell;1591;
Ivars de Noguera;319;
Ivorra;102;
Jafre;387;
la Jonquera;3361;
Jorba;827;
Josa i Tuixén;123;
Juià;345;
Juncosa;389;
Juneda;3523;
Les;1031;
Linyola;2737;
la Llacuna;984;
Lladó;828;
Lladorre;254;
Lladurs;185;
la Llagosta;13070;
Llagostera;9486;
Llambilles;728;
Llanars;515;
Llançà;5048;
Llardecans;427;
Llavorsí;336;
Lleida;144878;
Llers;1262;
Lles de Cerdanya;288;
Lliçà d'Amunt;16225;
Lliçà de Vall;6858;
Llimiana;132;
Llinars del Vallès;10699;
Llívia;1561;
el Lloar;100;
Llobera;208;
Llorac;102;
Llorenç del Penedès;2422;
Lloret de Mar;42134;
les Llosses;199;
Lluçà;289;
Maçanet de Cabrenys;775;
Maçanet de la Selva;7972;
Madremanya;288;
Maià de Montcal;488;
Maials;916;
Maldà;239;
Malgrat de Mar;19270;
Malla;274;
Manlleu;21291;
Manresa;79737;
Marçà;599;
Margalef;108;
Marganell;310;
Martorell;28483;
Martorelles;4984;
Mas de Barberans;546;
Masarac i Vilarnadal;296;
Masdenverge;1149;
les Masies de Roda;749;
les Masies de Voltregà;3292;
Masllorenç;567;
el Masnou;24444;
la Masó;288;
Maspujols;893;
Masquefa;10020;
el Masroig;480;
Massalcoreig;576;
Massanes;843;
Massoteres;212;
Matadepera;9863;
Mataró;130887;
Mediona;2632;
Menàrguens;793;
Meranges;111;
Mieres;348;
el Milà;197;
Miralcamp;1389;
Miravet;683;
Moià;6715;
el Molar;308;
Molins de Rei;26930;
Mollerussa;15680;
Mollet de Peralada;215;
Mollet del Vallès;52045;
Molló;373;
la Molsosa;105;
Monistrol de Calders;762;
Monistrol de Montserrat;3188;
Montagut i Oix;1002;
Montblanc;7539;
Montbrió del Camp;3137;
Montcada i Reixac;37096;
Montclar;132;
Montellà i Martinet;619;
Montesquiu;1095;
Montferrer i Castellbò;1163;
Montferri;473;
Montgai;640;
Montgat;12646;
Montmajor;474;
Montmaneu;200;
el Montmell;1916;
Montmeló;8887;
Montoliu de Lleida;477;
Montoliu de Segarra;181;
Montornès de Segarra;88;
Montornès del Vallès;17039;
Mont-ral;185;
Mont-ras;1691;
Mont-roig del Camp;14185;
Montseny;379;
Móra d'Ebre;5739;
Móra la Nova;3309;
el Morell;3851;
la Morera de Montsant;144;
Muntanyola;712;
Mura;232;
Nalec;89;
Naut Aran;1896;
Navarcles;6158;
Navàs;6183;
Navata;1466;
Navès;302;
la Nou de Berguedà;163;
la Nou de Gaià;611;
Nulles;557;
Odèn;231;
Òdena;3695;
Ogassa;218;
Olèrdola;3938;
Olesa de Bonesvalls;2092;
Olesa de Montserrat;24703;
Oliana;1828;
Oliola;195;
Olius;1003;
Olivella;4452;
Olost;1213;
Olot;38836;
les Oluges;165;
Olvan;910;
els Omellons;189;
els Omells de na Gaia;121;
Ordis;396;
Organyà;809;
Orís;349;
Oristà;571;
Orpí;179;
Òrrius;806;
Os de Balaguer;1072;
Osor;422;
Ossó de Sió;195;
Pacs del Penedès;943;
Palafolls;9933;
Palafrugell;24245;
Palamós;18619;
el Palau d'Anglesola;2200;
Palau de Santa Eulàlia;136;
Palau-sator;305;
Palau-saverdera;1498;
Palau-solità i Plegamans;15444;
els Pallaresos;5018;
Pallejà;11811;
la Palma d'Ebre;335;
la Palma de Cervelló;3048;
Palol de Revardit;467;
Pals;2583;
el Papiol;4358;
Pardines;161;
Parets del Vallès;18879;
Parlavà;429;
Passanant i Belltall;162;
Pau;590;
Paüls;543;
Pedret i Marzà;188;
Penelles;435;
la Pera;452;
Perafita;438;
Perafort;1319;
Peralada;2047;
Peramola;349;
el Perelló;2933;
Piera;17560;
les Piles;230;
Pineda de Mar;29415;
el Pinell de Brai;975;
Pinell de Solsonès;203;
Pinós;277;
Pira;499;
el Pla de Santa Maria;2391;
el Pla del Penedès;1352;
les Planes d'Hostoles;1748;
Planoles;306;
els Plans de Sió;521;
el Poal;652;
la Pobla de Cérvoles;209;
la Pobla de Claramunt;2356;
la Pobla de Lillet;1107;
la Pobla de Mafumet;4127;
la Pobla de Massaluca;344;
la Pobla de Montornès;3357;
la Pobla de Segur;3043;
Poboleda;333;
Polinyà;8559;
el Pont d'Armentera;498;
el Pont de Bar;165;
el Pont de Molins;572;
el Pont de Suert;2415;
el Pont de Vilomara i Rocafort;4139;
Pontils;123;
Pontons;518;
Pontós;289;
Ponts;2670;
Porqueres;4782;
Porrera;417;
el Port de la Selva;1058;
Portbou;1082;
la Portella;723;
Pradell de la Teixeta;178;
Prades;671;
Prat de Comte;188;
el Prat de Llobregat;65910;
Pratdip;763;
Prats de Lluçanès;2696;
els Prats de Rei;554;
Prats i Sansor;254;
Preixana;404;
Preixens;390;
Premià de Dalt;10574;
Premià de Mar;28928;
les Preses;1924;
Prullans;252;
Puigcerdà;10041;
Puigdàlber;629;
Puiggròs;257;
Puigpelat;1208;
Puig-reig;4482;
Puigverd d'Agramunt;247;
Puigverd de Lleida;1417;
Pujalt;212;
la Quar;44;
Quart;4099;
Queralbs;206;
Querol;595;
Rabós;239;
Rajadell;594;
la Ràpita;15802;
Rasquera;796;
Regencós;279;
Rellinars;920;
Renau;158;
Reus;109961;
Rialp;663;
la Riba;568;
Riba-roja d'Ebre;1126;
Ribera d'Ondara;454;
Ribera d'Urgellet;960;
Ribes de Freser;1846;
Riells i Viabrea;4497;
la Riera de Gaià;1806;
Riner;264;
Ripoll;10773;
Ripollet;39430;
Riu de Cerdanya;99;
Riudarenes;2444;
Riudaura;528;
Riudecanyes;1359;
Riudecols;1248;
Riudellots de la Selva;2128;
Riudoms;6954;
Riumors;264;
la Roca del Vallès;10956;
Rocafort de Queralt;246;
Roda de Berà;8027;
Roda de Ter;6883;
Rodonyà;522;
Roquetes;8374;
Roses;20255;
Rosselló;3353;
el Rourell;403;
Rubí;81523;
Rubió;240;
Rupià;329;
Rupit i Pruit;281;
Sabadell;221564;
Sagàs;154;
Salàs de Pallars;354;
Saldes;300;
Sales de Llierca;157;
Sallent;6932;
Salomó;530;
Salou;30442;
Salt;33946;
Sanaüja;387;
Sant Adrià de Besòs;38672;
Sant Agustí de Lluçanès;108;
Sant Andreu de la Barca;27039;
Sant Andreu de Llavaneres;11942;
Sant Andreu Salou;173;
Sant Aniol de Finestres;372;
Sant Antoni de Vilamajor;6654;
Sant Bartomeu del Grau;939;
Sant Boi de Llobregat;84588;
Sant Boi de Lluçanès;574;
Sant Cebrià de Vallalta;3812;
Sant Celoni;18708;
Sant Climent de Llobregat;4181;
Sant Climent Sescebes;675;
Sant Cugat del Vallès;98649;
Sant Cugat Sesgarrigues;1028;
Sant Esteve de la Sarga;124;
Sant Esteve de Palautordera;3081;
Sant Esteve Sesrovires;8039;
Sant Feliu de Buixalleu;878;
Sant Feliu de Codines;6624;
Sant Feliu de Guíxols;22934;
Sant Feliu de Llobregat;46381;
Sant Feliu de Pallerols;1670;
Sant Feliu Sasserra;629;
Sant Ferriol;236;
Sant Fost de Campsentelles;9196;
Sant Fruitós de Bages;9225;
Sant Gregori;4244;
Sant Guim de Freixenet;1214;
Sant Guim de la Plana;195;
Sant Hilari Sacalm;5969;
Sant Hipòlit de Voltregà;3684;
Sant Iscle de Vallalta;1463;
Sant Jaume d'Enveja;3671;
Sant Jaume de Frontanyà;26;
Sant Jaume de Llierca;851;
Sant Jaume dels Domenys;2806;
Sant Joan de les Abadesses;3373;
Sant Joan de Mollet;526;
Sant Joan de Vilatorrada;10972;
Sant Joan Despí;35012;
Sant Joan les Fonts;3103;
Sant Jordi Desvalls;867;
Sant Julià de Cerdanyola;231;
Sant Julià de Ramis;3639;
Sant Julià de Vilatorta;3300;
Sant Julià del Llor i Bonmatí;1387;
Sant Just Desvern;20815;
Sant Llorenç d'Hortons;2617;
Sant Llorenç de la Muga;258;
Sant Llorenç de Morunys;1000;
Sant Llorenç Savall;2580;
Sant Martí d'Albars;140;
Sant Martí de Centelles;1260;
Sant Martí de Llémena;705;
Sant Martí de Riucorb;675;
Sant Martí de Tous;1273;
Sant Martí Sarroca;3385;
Sant Martí Sesgueioles;360;
Sant Martí Vell;262;
Sant Mateu de Bages;637;
Sant Miquel de Campmajor;250;
Sant Miquel de Fluvià;840;
Sant Mori;164;
Sant Pau de Segúries;722;
Sant Pere de Ribes;32006;
Sant Pere de Riudebitlles;2495;
Sant Pere de Torelló;2596;
Sant Pere de Vilamajor;4923;
Sant Pere Pescador;2207;
Sant Pere Sallavinera;158;
Sant Pol de Mar;5810;
Sant Quintí de Mediona;2511;
Sant Quirze de Besora;2127;
Sant Quirze del Vallès;20110;
Sant Quirze Safaja;671;
Sant Ramon;495;
Sant Sadurní d'Anoia;12915;
Sant Sadurní d'Osormort;85;
Sant Salvador de Guardiola;3478;
Sant Vicenç de Castellet;10131;
Sant Vicenç de Montalt;6725;
Sant Vicenç de Torelló;2090;
Sant Vicenç dels Horts;28595;
Santa Bàrbara;3819;
Santa Cecília de Voltregà;192;
Santa Coloma de Cervelló;8334;
Santa Coloma de Farners;13874;
Santa Coloma de Gramenet;120903;
Santa Coloma de Queralt;2823;
Santa Cristina d'Aro;5833;
Santa Eugènia de Berga;2300;
Santa Eulàlia de Riuprimer;1486;
Santa Eulàlia de Ronçana;7916;
Santa Fe del Penedès;360;
Santa Llogaia d'Àlguema;400;
Santa Margarida de Montbui;10519;
Santa Margarida i els Monjos;7718;
Santa Maria d'Oló;1078;
Santa Maria de Besora;164;
Santa Maria de Martorelles;872;
Santa Maria de Merlès;175;
Santa Maria de Miralles;137;
Santa Maria de Palautordera;9994;
Santa Oliva;3679;
Santa Pau;1610;
Santa Perpètua de Mogoda;25936;
Santa Susanna;3999;
Santpedor;7707;
Sarral;1588;
Sarrià de Ter;5378;
Sarroca de Bellera;114;
Sarroca de Lleida;381;
Saus, Camallera i Llampaies;908;
Savallà del Comtat;48;
la Secuita;1828;
la Selva de Mar;220;
la Selva del Camp;5839;
Senan;46;
la Sénia;5618;
Senterada;157;
la Sentiu de Sió;454;
Sentmenat;9523;
Serinyà;1196;
Seròs;1890;
Serra de Daró;231;
Setcases;192;
la Seu d'Urgell;12759;
Seva;3801;
Sidamon;769;
Sils;6706;
Sitges;32496;
Siurana;177;
Sobremunt;101;
el Soleràs;317;
Solivella;627;
Solsona;9393;
Sora;219;
Soriguera;447;
Sort;2258;
Soses;1870;
Subirats;3287;
Sudanell;897;
Sunyer;306;
Súria;6072;
Susqueda;95;
Tagamanent;339;
Talamanca;212;
Talarn;541;
Talavera;285;
la Tallada d'Empordà;476;
Taradell;6828;
Tarragona;141018;
Tàrrega;18570;
Tarrés;125;
Tarroja de Segarra;172;
Tavèrnoles;341;
Tavertet;131;
Teià;6812;
Térmens;1344;
Terrades;342;
Terrassa;228294;
Tiana;9323;
Tírvia;144;
Tiurana;67;
Tivenys;937;
Tivissa;1624;
Tona;8499;
Torà;1253;
Tordera;18795;
Torelló;15107;
els Torms;138;
Tornabous;842;
la Torre de Cabdella;787;
la Torre de Claramunt;4115;
la Torre de Fontaubella;119;
la Torre de l'Espanyol;630;
Torrebesses;273;
Torredembarra;17953;
Torrefarrera;4904;
Torrefeta i Florejacs;608;
Torregrossa;2227;
Torrelameu;799;
Torrelavit;1509;
Torrelles de Foix;2662;
Torrelles de Llobregat;6136;
Torrent;174;
Torres de Segre;2268;
Torre-serona;440;
Torroella de Fluvià;770;
Torroella de Montgrí;12421;
Torroja del Priorat;137;
Tortellà;828;
Tortosa;35513;
Toses;192;
Tossa de Mar;6241;
Tremp;6056;
Ullà;1221;
Ullastrell;2179;
Ullastret;266;
Ulldecona;6598;
Ulldemolins;414;
Ultramort;214;
Urús;207;
Vacarisses;7549;
la Vajol;98;
la Vall d'en Bas;3221;
la Vall de Bianya;1347;
la Vall de Boí;1119;
la Vall de Cardós;381;
Vallbona d'Anoia;1405;
Vallbona de les Monges;221;
Vallcebre;272;
Vallclara;89;
Vallfogona de Balaguer;2016;
Vallfogona de Ripollès;222;
Vallfogona de Riucorb;98;
Vallgorguina;3203;
Vallirana;15952;
Vall-llobrega;912;
Vallmoll;1937;
Vallromanes;2749;
Valls;25085;
les Valls d'Aguilar;269;
les Valls de Valira;810;
Vandellòs i l'Hospitalet de l'Infant;7082;
la Vansa i Fórnols;189;
Veciana;175;
el Vendrell;40526;
Ventalló;891;
Verdú;885;
Verges;1180;
Vespella de Gaià;504;
Vic;49333;
Vidrà;169;
Vidreres;8655;
Vielha e Mijaran;5793;
Vilabella;725;
Vilabertran;987;
Vilablareix;3772;
Vilada;443;
Viladamat;492;
Viladasens;212;
Viladecans;67179;
Viladecavalls;7790;
Vilademuls;865;
Viladrau;1175;
Vilafant;5696;
Vilafranca del Penedès;41541;
Vilagrassa;633;
Vilajuïga;1183;
Vilalba dels Arcs;614;
Vilalba Sasserra;780;
Vilaller;506;
Vilallonga de Ter;395;
Vilallonga del Camp;2462;
Vilamacolum;373;
Vilamalla;1220;
Vilamaniscle;202;
Vilamòs;176;
Vilanant;402;
Vilanova d'Escornalbou;611;
Vilanova de Bellpuig;1168;
Vilanova de l'Aguda;195;
Vilanova de la Barca;1100;
Vilanova de Meià;462;
Vilanova de Prades;110;
Vilanova de Sau;317;
Vilanova de Segrià;1057;
Vilanova del Camí;12853;
Vilanova del Vallès;5644;
Vilanova i la Geltrú;70293;
Vilaplana;560;
Vila-rodona;1379;
Vila-sacra;815;
Vila-sana;744;
Vila-seca;24061;
Vilassar de Dalt;9299;
Vilassar de Mar;21169;
Vilaür;170;
Vilaverd;470;
la Vilella Alta;130;
la Vilella Baixa;206;
Vilobí d'Onyar;3304;
Vilobí del Penedès;1149;
Vilopriu;213;
el Vilosell;192;
Vimbodí i Poblet;893;
Vinaixa;449;
Vinebre;426;
Vinyols i els Arcs;2425;
Viver i Serrateix;173;
Xerta;1153;
;;
