Título,Enlace,Fecha,Primeros_Párrafos,Topic
Los exóticos destinos de los relojes de lujo robados en Barcelona,https://www.larazon.es/cataluna/barcelona/exoticos-destinos-relojes-robados-barcelona_20250615684e90c8cf3ee62af1e68873.html,2025-06-15,"Los relojes de lujo robados en Barcelona y otras ciudades españolas siguen un complejo circuito internacional que los lleva desde las calles donde son sustraídos hasta mercados ilegales en países de todo el mundo. La investigación de estas redes criminales ha revelado un sistema organizado que convierte estos objetos de lujo en dinero en efectivo a través de múltiples canales. Los relojes robados en España tienen como destino final principalmente países de Oriente Medio, Rusia, Israel y China . Según las autoridades policiales, ""un reloj robado en Marbella es más que probable que acabe en Moscú, Macao, o Dubai a que sea vendido en Barcelona"". Esta distribución geográfica se debe a que en estos países ""no es necesario para su venta disponer de la documentación individual de autenticidad del reloj, basta con un peritaje que lo acredite"". Dubai se ha consolidado como uno de los principales mercados de destino para los relojes de lujo, tanto legales como ilegales. El emirato representa el octavo mercado más importante de relojes suizos a nivel mundial, y las sanciones internacionales han aumentado la demanda de rusos adinerados que buscan paraísos financieros para sus inversiones.",robos
Barcelona no es la ciudad más peligrosa: Cataluña lidera la reducción de criminalidad en España,https://www.larazon.es/cataluna/barcelona/barcelona-ciudad-mas-peligrosa-cataluna-lidera-reduccion-criminalidad-espana_20250531683b1b583407f96812b40ec1.html,2025-05-31,"Son constantes los artículos que afirman que Barcelona es la ciudad más peligrosa de España , basándose en los datos del Índice de Criminalidad de Numbeo . En una simple búsqueda a este listado podemos ver que, lejos d ser un análisis estadístico de estudio en profundidad profesional, Numbeo depende de la información aportada por usuarios no verificados y de una colaboración abierta que puede carecer de fiabilidad, lo que pone en duda la precisión de sus datos y su capacidad para ofrecer comparativas exactas. Además, Barcelona se encuentra en el puesto 130 de las 380 ciudades analizadas como más conflictivas. Ni de lejos una de las más peligrosas del mundo. Por ende, esta afirmación no solo es exagerada , sino que también omite hechos clave que reflejan una realidad completamente diferente . Cataluña , y especialmente Barcelona , han experimentado en los primeros meses de 2025 una bajada significativa en la criminalidad , desafiando las declaraciones alarmistas. De hecho, Cataluña lidera la reducción de delitos en comparación con otras regiones de España, con una caída del 6% en la criminalidad, doblando la media nacional, que es de solo -2,8% .","Crimen organizado, robos, violencia"
"El mito detrás de Barcelona, ""la ciudad más peligrosa de Europa""",https://www.larazon.es/cataluna/barcelona/mito-detras-barcelona-ciudad-mas-peligrosa-europa_202505056818e75d319ae75da4c1956b.html,2025-05-05,"Es innegable que la seguridad en Barcelona es muy mejorable en comparación a la de otras grandes ciudades españolas. Desde 2019, cuando Barcelona registró en un solo año casi 200.000 delitos , algo que la granjeó una reputación que aún no ha podido quitarse -a pesar de descender al año siguiente, 2020, a 120.000 delitos -. Antes de nada, se aconseja saber qué entienden las estadísticas como delitos o, hablando con propiedad, infracciones penales cometidas en Barcelona . De todos esos 120.000 delitos registrados en Barcelona en 2020, cifra que ha ido escalando gradualmente cada año sin llegar a las cotas de 2019, entra desde desaparición de objetos personales -donde también entra la pérdida y olvido de los mismos- hasta el homicidio. Una vez tenido en cuenta el contexto y de dónde viene el San Benito de la ciudad condal, podemos adentrarnos en descifrar si es cierto o no el título que se le ha dado: Barcelona, la ciudad más peligrosa de Europa .","Crimen organizado, Delito sexual, mossosdesquadra, Mossos d'Esquadra, robos"
Muere un motorista en Barcelona tras chocar con un vehículo de los Mossos,https://www.larazon.es/cataluna/barcelona/muere-motorista-barcelona-chocar-vehiculo-mossos_2025041067f7d3f9160aba0001d3aa5d.html,2025-04-10,"Sobre la una del mediodía se ha producido un choque entre un motorista de 71 años y un vehículo en servicio de los Mossos d'Esquadra. El accidente fatal ha tenido lugar en la intersección entre la calle Aragón y la calle Independencia, en Barcelona. En un primer instante, el motorista ha quedado en estado crítico, pero según informa Betevé, ha fallecido más tarde en el hospital. La Guardia Urbana ya investiga los hechos, y ha cortado el tránsito tras el accidente, que s e ha restablecido dos horas después .","Mossos d'Esquadra, mossosdesquadra"
"Así es el barrio de Barcelona donde dormir es imposible: ruido, tráfico y ocio nocturno",https://www.larazon.es/cataluna/barcelona/barrio-barcelona-donde-peor-duerme-asi-vivir-ruido-trafico-ocio-nocturno_2025032967e830e68ba0d3000106becd.html,2025-03-29,"Dormir bien en Barcelona no es igual para todos. Aunque la ciudad condal presume de calidad de vida , sus barrios muestran una gran desigualdad cuando cae la noche . Mientras algunos vecinos gozan del silencio que brinda la periferia, otros barceloneses duermen atrapados entre ruidos , cláxones, luces, botellones y bajos de discoteca. Un reciente estudio de la Agencia de Salud Pública de Barcelona (ASPB) alerta de que la calidad del sueño en Barcelona ha empeorado en los últimos 40 años.",Mossos d'Esquadra
"Un incendio en una vivienda de Barcelona deja dos heridos, uno de ellos críticos",https://www.larazon.es/cataluna/barcelona/incendio-barcelona-deja-dos-heridos-uno-ellos-criticos_2025032767e5190a6990370001f21530.html,2025-03-27,"Un incendio en una vivienda de Cornellà, Barcelona, ha dejado este jueves por la madrugada dos heridos, uno de ellos una mujer en estado crítico y otro un hombre en estado leve . Según han informado el Servei d'Emergències Mèdiques (SEM) y los Bombers de la Generalitat en sendos mensajes en 'X' recogidos por Europa Press, ambos heridos han sido trasladados al Hospital Moisès Broggi de Sant Just Desvern (Barcelona). Los Bombers han explicado que el incendio ha quemado el comedor de un piso de la primera planta afectando al resto por humo.",Sucesos
Una furgoneta del PP recorrerá la ciudad de Barcelona para denunciar la ocupación ilegal,https://www.larazon.es/cataluna/barcelona/furgoneta-recorrera-ciudad-barcelona-denunciar-ocupacion-ilegal_2025031367d2c4d09d5e65000168833a.html,2025-03-13,"En el conjunto de la província de Barcelona hay, según el líder municipal del Partido Popular, Daniel Sirera, un total de 5.000 inmuebles ocupados ilegalmente . Así lo ha denunciado Sirera en la presentación de un nuevo plan ‘anitokupas’, que ha tenido lugar en el distrito de Sant Martí, en el barrio barcelonès del Besòs. El plan se basa en la creación de una furgoneta móvil , que recorrerá durante 15 días por los 73 barrios de la Ciudad Condal. En las paradas que realizará el vehículo en cada barrio se desplegará una carpa donde se ofrecerá “ asesoramiento jurídico ” a los afectados que lo soliciten. “Escucharemos al vecino”, ha asegurado el alcaldable del PP. La furgoneta, pintada con el lema ‘ Fuera Okupas ’, también muestra un número de teléfono móvil que servirá para “realizar denuncias”. Según Sirera, en la ciudad de Barcelona hay actualmente 2.000 inmuebles ocupados ilegalmente, “una lacra que afecta a Cataluña y Barcelona”. En este sentido, ha pedido al alcalde de Barcelona, el socialista Jaume Collboni, “que tome medidas serias”, “empezando por los 21 edificios públicos que están ocupados y pagamos entre todos”. El líder del PP de Barcelona ha anunciado que su grupo municipal ha denunciado a Collboni ante el portal de Transparencia por no ofrecer la localización de estos edificios públicos afectados.",Okupas
La segunda noche de disturbios en Salt se salda con seis detenidos,https://www.larazon.es/cataluna/barcelona/segunda-noche-disturbios-salt-salda-6-detenidos_2025031267d1d2209ce7140001af7299.html,2025-03-12,"El municipio de Salt, en Girona, vivió ayer por la noche la segunda noche de disturbios consecutiva , liderados por grupos de encapuchados que protestaban por el desahucio de un ""ex imán"". La concentración, no comunicada, terminó con seis detenidos tras el lanzamiento de objetos contra agentes de los Mossos d’Esquadra. Las protestas tienen su origen en el desahucio de un imán subsahariano que llevaba cinco años sin pagar el alquiler de su vivienda, que era propiedad de una entidad bancaria. Tras ser desalojado, el imán trató de volver a ocupar la casa de manera ilegal, lo que provocó fuertes enfrentamientos con la policía. El lunes tuvieron lugar los primeros incidentes, cuando cerca de 200 personas se concentraron frente a la comisaría de los Mossos d’Esquadra lanzando piedras y huevos contra los agentes. Rápidamente intervinieron los antidisturbios para tratar de controlar la situación. La noche siguiente, sin embargo, la violencia se disparó con la presencia de encapuchados que atacaron a los policías, quemaron contenedores y causaron destrozos en el mobiliario urbano. De los seis radicales detenidos, la mitad eran menores de edad.","Mossos d'Esquadra, mossosdesquadra"
Cuatro detenidos por presuntamente robar con violencia en 9 tiendas de Barcelona,https://www.larazon.es/cataluna/barcelona/cuatro-detenidos-presuntamente-robar-violencia-9-tiendas-barcelona_2025031167d000eabd6bf000014e8f2e.html,2025-03-11,"Los Mossos d'Esquadra han detenido a cuatro hombres por presuntamente formar parte de un grupo criminal vinculado con el robo con violencia en nueve tiendas de Barcelona. Según ha informado el cuerpo este martes en un mensaje en 'X' recogido por Europa Press, los detenidos supuestamente accedían a las tiendas tapados con cascos y amenazaban a los trabajadores con armas blancas . Han indicado que los detenidos utilizaban motos robadas para aproximarse y huir de los locales, que actuaban en cualquier momento del día y que acumulan hasta un total de 93 antecedentes policiales.","Mossos d'Esquadra, robos, violencia, mossosdesquadra"
Detenidos 2 jóvenes por presuntamente apuñalar a un menor en Barcelona,https://www.larazon.es/cataluna/barcelona/detenidos-2-jovenes-presuntamente-apunalar-menor-barcelona_2025030667c9bd349ce7140001a50168.html,2025-03-06,"Los Mossos d'Esquadra detuvieron este miércoles a dos jóvenes de 19 y 23 años, por presuntamente apuñalar a un menor de 17 años el 14 de febrero en la plaza Catalunya de Barcelona, según han explicado fuentes conocedoras a Europa Press este jueves. Según ha avanzado 'El Caso', las detenciones se han realizado por tentativa de homicidio. Los arrestados acumulan 5 antecedentes policiales. El incidente se produjo sobre las 22 horas , cuando la víctima fue asaltada por dos personas y recibió una cuchillada en el abdomen, con afectación en el estómago. El menor fue trasladado de urgencia al Hospital del Mar en estado grave, aunque su vida no corrió peligro. Por su lado, los dos atacantes lograron huir antes de la llegada de la policía.","violencia, mossosdesquadra"
Sindicatos de Mossos piden ampliar su plantilla de tráfico tras el aumento de accidentes,https://www.larazon.es/cataluna/barcelona/sindicatos-mossos-piden-ampliar-plantilla-trafico-aumento-accidentes_2025030567c845f89ce7140001a17398.html,2025-03-05,"Consideran que las dotaciones actuales son "" absolutamente insuficientes "" Los sindicatos de Mossos d'Esquadra SAP-FEPOL y SME-FEPOL piden una ampliación de la plantilla en la especialización de tráfico después del aumento de accidentes en las carreteras catalanas en el último año, ya que consideran que las dotaciones actuales son "" absolutamente insuficientes "". En un comunicado de este miércoles, las dos organizaciones de trabajadores de la policía catalana han catalogado de ""absolutamente insuficientes"" las dotaciones actuales de especialistas de tráfico en Cataluña, y aún más teniendo en cuenta que el índice de siniestralidad es "" muy elevado en comparación con años anteriores "", apuntan.",mossosdesquadra
Seis detenidos de una banda que robaba en empresas del sector del metal en Tarragona,https://www.larazon.es/cataluna/barcelona/seis-detenidos-banda-que-robaba-empresas-sector-metal-tarragona_2025030567c83a01bd6bf00001f562e8.html,2025-03-05,"Los Mossos d'Esquadra han detenido en L'Hospitalet de Llobregat (Barcelona) a seis hombres, de entre 19 y 40 años, que formaban parte de una banda especializada en robos en empresas del sector del metal en la comarca del Baix Camp (Tarragona) y que vendía el material sustraído en el área metropolitana de Barcelona. Según la policía autonómica, a los arrestados se les atribuyen tres robos con fuerza en empresas de los municipios tarraconenses de Riudoms, Reus y La Selva del Camp. El primer delito tuvo lugar el 15 de enero, cuando los delincuentes accedieron al almacén de una finca en Riudoms y se llevaron material de obra. El segundo robo tuvo lugar en una nave industrial de Reus, donde hicieron un butrón en la pared para entrar con un vehículo y cargar 10 toneladas de piezas metálicas valoradas en 267.000 euros. Finalmente, el 6 de febrero sustrajeron con una furgoneta 300 kilos de chatarra con un valor de 500 euros en una empresa de La Selva del Camp. Los seis hombres, que acumulan 25 antecedentes policiales , fueron detenidos el 27 de febrero en L'Hospitalet de Llobregat y pasaron el sábado a disposición del juez de instrucción en funciones de guardia de ese municipio.",mossosdesquadra
Detenidos cuatro hombres por el crimen de un empresario hallado atado en su casa de Martorell,https://www.larazon.es/cataluna/barcelona/detenidos-cuatro-hombres-crimen-empresario-hallado-atado-casa-martorell_2025030567c83867bd6bf00001f55ff2.html,2025-03-05,"El pasado 20 de noviembre un empresario de metales fue encontrado muerto en su casa de Martorell con signos de violencia. Los Mossos d’Esquadra han detenido a cuatro hombres de entre 27 y 29 años por su presunta vinculación con la muerte del empresario barcelonés, a quien hallaron en el aparcamiento de su vivienda atado pero sin muestras de heridas por armas de fuego. La víctima, de 74 años, era el propietario de Ferralles Martorell, una empresa dedicada a la compra y venta de metales situada en el polígono industrial del Congost de esta localidad. El dueño era muy conocido en Martorell, pues patrocinaba al equipo de fútbol del municipio barcelonés, el C.F. Martorell. El cadáver fue localizado cuando un vecino llamó al fallecido para avisarle de que tenía el coche mal aparcado. Cuando éste no contestaba, decidió avisar a la hija del empresario, quien al llegar a la casa de su padre, una torre en el barrio de Camí Fondo, a 200 metros de distancia de una comisaría de los Mossos, se encontró al cuerpo sin vida de su padre en el suelo, bocabajo y maniatado .",Mossos d'Esquadra
"Una ""rave"" ilegal en el metro de Barcelona termina con 15 identificados y destrozos",https://www.larazon.es/cataluna/barcelona/mossos-desquadra-identifican-15-personas-que-participaron-rave-ilegal-metro-barcelona_20250130679b6066797cbb00013af6ed.html,2025-01-30,"La madrugada del pasado sábado al domingo, una fiesta ilegal llamada 'Subway Party' tuvo lugar en el metro de Barcelona, causando interrupciones en las líneas L1 y L2 y diversos actos vandálicos. Los Mossos d'Esquadra identificaron a una quincena de personas en el parque de las Tres Xemeneies, en la avenida del Paral·lel, en el marco de esta ""rave"" clandestina. Las autoridades recibieron el aviso alrededor de la 1:30 de la madrugada, alertados por la presencia de un grupo de individuos en el transporte público. Según fuentes policiales, los participantes de la fiesta están acusados de realizar pintadas y de lanzar un extintor a las vías del metro, entre otros incidentes. La situación obligó a Transports Metropolitans de Barcelona (TMB) a detener temporalmente la circulación de los trenes en las estaciones afectadas. Desde TMB han calificado los hechos como ""actos incívicos"" y han confirmado que las estaciones de Universitat y Sant Antoni, de la línea L2, fueron escenario de múltiples pintadas en los trenes y otras acciones vandálicas.",Sucesos
La Guardia Urbana inicia el desalojo de la Antiga Escola Massana okupada en Barcelona,https://www.larazon.es/cataluna/barcelona/guardia-urbana-inicia-desalojo-antiga-escola-massana-okupada-barcelona_202501286798ba4e0b2ad20001aa28c5.html,2025-01-28,"La Guardia Urbana de Barcelona, con la colaboración de los Mossos d'Esquadra, ha puesto en marcha a primera hora de esta mañana un dispositivo para recuperar el edificio conocido como la Antiga Escola Massana, okupado desde el año 2020 en el céntrico barrio del Raval. El desalojo ha sido autorizado por el Juzgado Contencioso-Administrativo número 17 de la capital catalana, según han informado fuentes municipales. Por su parte, los ocupantes, que consideran el desalojo 'ilegal', han hecho un llamamiento por las redes sociales a acudir al edificio para impedirlo.",Okupas
Dos policías fuera de servicio rescatan a su vecino de un incendio en Terrassa,https://www.larazon.es/cataluna/barcelona/dos-policias-fuera-servicio-rescatan-uno-sus-vecinos-incendio-terrassa_2025010167750752af21750001050bb5.html,2025-01-01,"A ciegas y con solo la tenue luz de la linterna de sus teléfonos móviles. Así fue como una pareja de agentes de la Policía Nacional salvaron la vida de uno de sus vecinos que se vio atrapado entre el humo provocado por un fuego en su vivienda. Los funcionarios consiguieron sacar del inmueble a este hombre que estaba totalmente desorientado y trasladarle hasta un lugar seguro. Las llamas provocaron graves daños en la cocina del piso, según las fotos a las que ha tenido acceso LA RAZÓN. La intervención humanitaria de estos agentes se remonta al 12 de diciembre a las 21:30 horas cuando la pareja se encontraba descansando en su domicilio en la localidad de Terrassa. Uno de ellos se percató de un fuerte olor a humo dentro de la casa y abrió la ventana, que da al patio interior del domicilio. Así fue como observó una gran cantidad de humo negro. Los policías salieron al rellano del edificio para intentar detectar el origen del mismo. De esta forma comprobaron que el arranque venía del ático 3 ya que salía una nube por las rendijas de la puerta. En un primer momento llamaron al 112 para que se desplazaran hasta la zona los bomberos y los indicativos sanitarios por las posibles víctimas que pudiera haber en el interior de la casa.",Sucesos
Los Mossos estrenan su primera comisaría en el Aeropuerto de Barcelona,https://www.larazon.es/cataluna/barcelona/mossos-estrenan-primera-comisaria-aeropuerto-barcelona_2024072466a0e033b40b9c00018563bc.html,2024-07-24,"Los Mossos d’Esquadra estrenan su primera comisaría en el Aeropuerto Josep Tarradellas Barcelona - El Prat con la visita del conseller de Interior, Joan Ignasi Elena; el director general de la Policía, Pere Ferrer, y el comisario jefe, Eduard Sallent. La cesión del uso de este edificio por parte de AENA ofrece un espacio propio para los Mossos, desplegados en el aeropuerto desde el 1 de noviembre de 2016, con unas instalaciones de 4.250 m2 construidos con espacios de trabajo, lavabos, vestuarios, archivo, sala técnica, almacenes y aparcamientos. El pasado 18 de abril ya se hizo efectivo el traslado del Área Regional de Seguridad Aeroportuaria (ARSA) a este nuevo espacio y, en una segunda fase, en mayo, se trasladaron los efectivos del Área Regional de Recursos Operativos (ARRO) y de la Unidad Técnica de Seguridad Aérea.",Mossos d'Esquadra
Detenido en Barcelona un extrabajador de una empresa por robar la caja fuerte,https://www.larazon.es/cataluna/barcelona/detenido-barcelona-extrabajador-empresa-robar-caja-fuerte_20240719669a2d0946f972000134bf67.html,2024-07-19,"Los Mossos d'Esquadra detuvieron el pasado 15 de julio en Barcelona a un hombre de 50 años acusado de robar una caja fuerte de una empresa en la que había trabajado apenas una semana. Según informan este viernes los Mossos d'Esquadra, fue una llamada al 112 la que puso a los investigadores sobre la pista de la autoría de este robo con fuerza. Este testigo, que oyó un fuerte golpe en el interior de la empresa, facilitó a los agentes una descripción sobre un vehículo que había huido del lugar de los hechos, lo que permitió identificar al extrabajador.","robos, Sucesos"
Investigan a cinco trabajadores del cementerio de Montjuïc por robar oro y joyas de las tumbas,https://www.larazon.es/cataluna/barcelona/investigan-cinco-trabajadores-cementerio-montjuic-profanacion-tumbas_20240522664daa872e4fc400015edfce.html,2024-05-22,"Cinco personas han sido detenidas por los Mossos d'Esquadra acusados de profanar tumbas en el Cementerio de Montjuïc . La banda, formada por empleados del propio cementerio, habría saqueado al menos 162 tumbas durante el verano del año pasado. La desarticulación de esta banda se logró cuando uno de ellos intentó vender una gran cantidad de dientes de oro, anillos y pendientes en una tienda de compraventa, procedentes de las tumbas. Fue Cementerios de Barcelona (CBSA), la empresa municipal gestora, quien presentó una querella contra cinco sepultureros. Entre ellos se encuentran una mujer que ocupa el puesto de auxiliar, unos hermanos gemelos y el hombre que intentó vender las joyas en una tienda dedicada a la compra de oro.",Sucesos
Este es el 'kit de supervivencia' que te dan si te roban en la playa de Barcelona,https://www.larazon.es/cataluna/barcelona/este-kit-supervivencia-que-dan-roban-playa-barcelona_20240507663a35eb8e66020001cdbf68.html,2024-05-07,"Ser víctima de un robo o hurto es siempre una situación angustiosa, pero aún lo es más si se produce en la playa y la víctima se queda sin ropa y sin pertenencias personales. ¿Qué hacer en estos casos? ¿Cómo volver a casa si no tenemos dinero? ¿Qué hacemos para conseguir una indumentaria? La Guardia Urbana hace años que pone un remedio paliativo a disposición de las víctimas: un lote con ropa de repuesto básica y tiques de transporte público desechables. Una de las medidas que tienen es este 'kit de supervivencia', que se trata de una bolsa con una camiseta blanca, un pantalón corto de color negro y unas chancletas de plástico . Aparte de la ropa de repuesto, la Guardia Urbana también dispone de títulos de transporte público desechables para facilitar el regreso al domicilio, en caso de no disponer de dinero. La bolsa de recambio se puede conseguir en los dos módulos que tiene la Guàrdia Urbana en la playa de la Barceloneta y el espigón de la playa de Bogatell.",robos
El centro de yoga que hacía contrabando con cachorros de perro en Barcelona,https://www.larazon.es/cataluna/barcelona/centro-yoga-que-contrabandeaba-cachorros-perro-barcelona_2024040966151eb95e1b1f000137ba59.html,2024-04-09,"El ""Puppy Yoga"" es una de las últimas tendencias virales en redes sociales. Se trata de practicar yoga con la posibilidad de conocer y jugar con perros que estén en venta. Sin embargo, esta práctica se hacía de manera fraudulenta en un centro de Barcelona, el cual tenía un acuerdo privado de colaboración con un establecimiento de venta de animales que les facilitaba los cachorros, que se utilizaban ""para actividades comerciales ilegales y de forma irregular"". Fue en un local de la avenida Meridiana llamado ""Kitten & Puppy Yoga Barcelona"", que abrió el pasado diciembre presumiendo de ser el ""primer puppy yoga de Barcelona"". El estudio aseguraba que trabajaba con ""asociaciones y granjas familiares que se encargan de los cachorros"" y que su meta era fomentar la adopción. La dinámica del local consistía en mostrar los cachorros de perros durante las sesiones de yoga para que los interesados hiciesen sus pedidos de compra , un sistema de comercialización de animales ""totalmente"" ilegal, ha asegurado el ayuntamiento.",Sucesos
Parricidio en Barcelona: un hombre mata a sus padres y después se suicida,https://www.larazon.es/cataluna/barcelona/investigan-aparicion-tres-cuerpos-signos-violencia-barcelona_2024031565f42b82d3310300015143d6.html,2024-03-15,"Los Mossos d'Esquadra investigan la muerte de tres personas , todos ellos miembros de la misma familia, en Sant Martí (Barcelona). Ha aparecido una mujer en su domicilio sin vida, mientras que el padre y el hijo han sido hallados también muertos minutos después en el interior de un vehículo. El padre y el hijo estaban huyendo en coche del primer escenario del crimen. Según fuentes policiales, se trataría de un doble parricidio en el que el presunto homicida se habría suicidado después matar a su madre en su casa y huir en un coche con su padre. Los Mossos han encontrado el cuerpo de la mujer en la calle de Lope de Vega del barrio de Sant Martí y los del padre y el hijo en el municipio del Baix Llobregat.",Sucesos
Los Mossos investigan un tiroteo en el distrito de Nou Barris,https://www.larazon.es/cataluna/barcelona/mossos-investigan-tiroteo-distrito-nou-barris_20231227658c680ac46cc70001b4aae0.html,2023-12-27,"Los Mossos d'Esquadra están llevando a cabo una investigación tras un tiroteo sucedido la pasada madrugada en el distrito de Nou Barris ( Barcelona ), según informaron fuentes policiales a la Agència Catalana de Notícies (ACN) . El incidente tuvo lugar en el barrio de Can Peguera , donde los agentes recibieron una alerta de disparos contra la fachada de un edificio. Al llegar al lugar, se encontraron con restos de cartuchos de bala, pero afortunadamente, no hubo heridos. Actualmente, no hay ningún detenido en relación con el tiroteo . La Unitat d'Investigació de Nou Barris ha asumido el caso y está entrevistando a testigos con el objetivo de esclarecer los hechos y determinar las causas de lo sucedido.","Mossos d'Esquadra, Sucesos"
Una copistería en Barcelona sufre pintadas en su fachada por usar el castellano en un mensaje de WhatsApp,https://www.larazon.es/cataluna/barcelona/copisteria-barcelona-sufre-pintadas-fachada-usar-castellano-mensaje-whatsapp_20231226658b2cebf03b8e0001522a14.html,2023-12-26,"Una copistería aragonesa (Copistería Low Cost) con sede en Barcelona se ha convertido en el último blanco de amenazas y hostigamientos por parte de grupos separatistas catalanes . El conflicto surgió cuando un empleado solicitó a una clienta que realizara su consulta en castellano , ya que no comprendía totalmente el catalán. La usuaria optó por difundir una captura de pantalla de la conversación en redes sociales. La situación desencadenó una serie de amenazas en línea y, finalmente, culminó con pintadas en la fachada de la tienda que rezaban ""Boicot catalán"" . El encargado de la copistería explicó que el empleado en cuestión era rumano y tenía dificultades con el catalán , y admitió que podrían haber utilizado herramientas de traducción como Google para facilitar la comunicación. A pesar de la explicación y la disposición a corregir el malentendido, la copistería fue objeto de amenazas y pintadas .",Sucesos
Heridos seis Mossos d'Esquadra tras chocar su furgón con un taxi,https://www.larazon.es/cataluna/heridos-seis-mossos-desquadra-chocar-furgon-taxi_2023121865803d95d7b0c300019663f4.html,2023-12-18,"En un incidente ocurrido en el centro de Barcelona , seis agentes de los Mossos d'Esquadra resultaron heridos al colisionar su furgón antidisturbios con un taxi en la plaza Urquinaona. El accidente, que tuvo lugar a las ocho de la mañana del domingo, dejó a uno de los agentes con lesiones más significativas , aunque no consideradas graves . Este último fue trasladado al hospital para recibir atención médica , mientras que los demás recibieron el alta en el lugar después de ser atendidos por los servicios médicos, según fuentes municipales. La Guardia Urbana de Barcelona está llevando a cabo una investigación para determinar las causas del choque entre el vehículo de los antidisturbios y el taxi en el cruce de la plaza Urquinaona con la calle Roger de Llúria. Las circunstancias que llevaron a la colisión aún no han sido esclarecidas , y se espera que la investigación arroje luz sobre los detalles del incidente.","Mossos d'Esquadra, Sucesos"
Un niño de 12 años en estado crítico tras ser atropellado por una furgoneta en Barcelona,https://www.larazon.es/cataluna/barcelona/nino-12-anos-estado-critico-ser-atropellado-furgoneta-barcelona_2023121265788a03d670370001a66849.html,2023-12-12,"Este martes, una furgoneta ha atropellado a un menor de 12 años en el cruce entre el Passeig de Maragall y Carrer del Xiprer alrededor de las 14:15 horas. La víctima, cuya identidad no ha sido revelada, se encuentra hospitalizada en estado crítico , según información proporcionada por los servicios de emergencias. La rápida respuesta de la Guardia Urbana de Barcelona y los profesionales del Sistema d'Emergències Mèdiques (SEM) ha sido fundamental para brindar atención inmediata al menor afectado. Los equipos de emergencia han actuado con rapidez, trasladando al niño con urgencia al centro hospitalario más cercano . Se espera que en las próximas horas se proporcione información sobre la evolución del estado de salud del menor y se esclarezcan los detalles del incidente.",Sucesos
Desmantelada una red de matrimonios de conveniencia en Barcelona,https://www.larazon.es/cataluna/barcelona/desmantelada-red-matrimonios-conveniencia-barcelona_2023121165774dac62c50d0001ca5c6d.html,2023-12-11,"La Policía Nacional ha desarticulado en Barcelona una red especializada en la organización de matrimonios de conveniencia entre españoles y extranjeros en situación irregular. El líder de la organización, junto con otras nueve personas, ha sido detenido por su implicación en el favorecimiento de la inmigración irregular y falsedad documental . La investigación se centró en 18 solicitudes de permiso de residencia, revelando una trama que lucraba entre 6.000 y 10.000 euros por cada matrimonio de conveniencia. La red operaba a través de una estructura que incluía captadores de contrayentes y 'empadronadores' . El cabecilla reclutaba a personas dispuestas a regularizar su situación ilegal en España, ofreciéndoles la oportunidad de casarse con españoles a cambio de sumas significativas de dinero. Se buscaban parejas ficticias en zonas de ocio de Barcelona y una vez establecida la conexión, se trabajaba en hacer creíble la relación y proporcionar un 'domicilio común'. Los 'empadronadores' , propietarios de inmuebles o titulares de contratos de alquiler, colaboraban facilitando el empadronamiento de las parejas ficticias en sus viviendas a cambio de comisiones . Posteriormente, la pareja se dirigía a un notario en Barcelona para formalizar una escritura pública de constitución de pareja de hecho . Este paso permitía la inscripción en el Registro de Parejas Estables de Cataluña.",Sucesos
Se declara como improcedente el despido de la panadera que orinaba en los recipientes de amasado del pan,https://www.larazon.es/cataluna/barcelona/declara-como-improcedente-despido-panadera-que-orinaba-recipientes-amasado-pan_20231026653ac270e8e7a5000158ef3b.html,2023-10-26,"El Tribunal Superior de Justicia de Cataluña (TSJC) ha declarado como improcedente el despido de una trabajadora de una panadería en la estación de Sants (Barcelona) por orinar en recipientes destinados a productos de consumo humano. Además, los jueces han ordenado a la empresa que deben readmitirla en su puesto o pagar una compensación de 25.000 euro s. La prueba principal que sustentó la decisión de despedirla fue una grabación de la cámara del obrador de la panadería , que también servía como vestuario para los empleados. Sin embargo, el Tribunal no ha considerado la grabación como admisible debido a que viola el derecho a la intimidad de la trabajadora, ya que la instalación de la cámara no fue comunicada previamente a los empleados. Estos hechos ocurrieron en octubre de 2018 . La panadera recibió una notificación de despido inmediato mediante un burofax. En él, se detallaba que la habían observado ""hasta en tres ocasiones en cuclillas, miccionando dentro de un bol, arrojando su contenido por el fregadero, remojando el bol ligeramente en agua y depositándolo con el resto de los utensilios limpios usados en tareas de producción para el consumo de los clientes"".",Sucesos
"Imágenes de maltrato animal, porno, fotos de Franco y mensajes racistas: los Mossos investigan un nuevo grupo de WhatsApp viral de menores",https://www.larazon.es/cataluna/barcelona/imagenes-maltrato-animal-porno-fotos-franco-mensajes-racistas-mossos-investigan-nuevo-grupo-whatsapp-viral-menores_20231013652974c390d39d0001163bf1.html,2023-10-13,"Otro suceso relacionado con las redes sociales ha sacudido Barcelona. Esta vez ha sido un grupo de WhatsApp con el nombre de ""Niños toda España"" donde ha sido difundido entre menores de 12 años material pornográfico y mensajes de odio . Esto ha llevado a los Mossos d'Esquadra a iniciar una investigación urgente. Según informa de El Periódico , menores de Barcelona fueron agregados a este grupo por individuos desconocidos, sumergiéndolos en un ambiente virtual lleno de contenido inapropiado y perjudicial. En respuesta a esta situación alarmante, los Mossos d'Esquadra aconsejan a los padres de los afectados no interactuar en el grupo, conservar las conversaciones como evidencia y presentar una denuncia formal. Las atrocidades que se han compartido en este grupo incluyen imágenes explícitas de naturaleza sexual y maltrato animal, así como mensajes racistas, elogios a Franco y declaraciones homófobas, entre otros contenidos inadmisibles, según fuente del El Periódico.","Mossos d'Esquadra, Sucesos"
La extraña alianza: prisas antiocupas en el Parlament de Cataluña,https://www.larazon.es/cataluna/20230125/sj3gbuu7pzd7fcibppegr2gqnq.html,2023-01-25,"La inminencia de las elecciones municipales empieza a notarse en la vida parlamentaria. Al fin y al cabo, un buen grupo de diputados es o bien alcalde o bien puede llegar a serlo. De ahí que se haga necesario agitar el avispero y la baja actividad legislativa de la Generalitat. Así las cosas, esta mañana, unos extraños compañeros de viaje, Junts, PSC y Ciudadanos, se han aliado para poner en la diana el fenómeno de la ocupación y obligar al Govern a moverse. El Parlament ha acordado aprobar un paquete de medidas urgentes para actuar contra una ocupación ilegal de viviendas en caso de falta de respuesta por parte de la propiedad, como los bancos, por ejemplo. Para ello se modificará la ley de 2008 del derecho a la vivienda y se hará a través de lectura única. Faltará por ver si Cataluña tiene competencias al respecto. La norma expone la necesidad de establecer los mecanismos que permitan a los ayuntamientos y a las comunidades de vecinos actuar para “restablecer la convivencia, siempre y cuando la propiedad sea una persona jurídica considerada gran tenedor ante la inacción de la propiedad ante estas situaciones conflictivas”. Junts, impulsor de la modificación, asegura que “la problemática se produce cuando la titularidad de la propiedad pertenece a personas jurídicas que son grandes propietarias y que se desentienden de sus obligaciones con el inmueble ”. Además, la proposición de ley expone que “tanto si la acción de desalojo ha estado promovida por el ayuntamiento como si lo ha estado por la comunidad de propietarios, el ayuntamiento estará facultado a adquirir temporalmente el uso de la vivienda para destinarla a políticas públicas de vivienda”.",Okupas
Los Mossos d’Esquadra refuerzan la seguridad en Tres Torres ante un repunte de los robos en viviendas,https://www.larazon.es/cataluna/barcelona/20221228/r7sj4bj5ojf7ngcoqierr75rn4.html,2022-12-28,"En las últimas semanas existe un tema de conversación recurrente en las calles del barrio de Tres Torres, que a la vez es motivo de preocupación constante de los vecinos. Tras la pandemia, se observó un evidente incrementaron de los delitos en el barrio, pero recientemente éstos han experimentado un repunte muy significativo, sobre todo los robos en domicilios. Cada semana, los vecinos amanecen al menos un par de días con la noticia de un nuevo episodio de estas características, que suele producirse al caer el sol e incluso con gente dentro de la vivienda. Los intrusos acostumbran a aprovechar las particulares características urbanísticas de los inmuebles del barrio, la mayoría de ellos a cuatro vientos, para acceder a los pisos por la fachada menos visible, escalando por la misma si la situación lo requiere. Ni las rejas en puertas y ventanas, las alarmas o las cámaras de seguridad que mucho vecinos han instalado en sus domicilios o el personal de seguridad contratado para velar por el bienestar de los residentes han logrado frenar a los delincuentes. De hecho, según las cifras facilitadas por los Mossos d’Esquadra a la Asociación de Vecinos de las Tres Torres, entre agosto y diciembre de este año se ha producido un 14% más de robos en domicilios del barrio respecto al mismo periodo de 2019, concretamente, en números absolutos, se han perpetrado nueve hechos más de estas características. Tal es la situación que incluso los conserjes de las fincas cuentan con un chat de WhattsApp a través del cual comparten todas las noticias acerca de los delitos acontecidos en el barrio.","robos, Mossos d'Esquadra"
Un tercio de los agresores de personas atendidas en Vall d’Hebron por violencia sexual infantil son menores,https://www.larazon.es/cataluna/barcelona/20221108/kkzavpn6uvgapj6jfa45vpzr5q.html,2022-11-08,"Las niñas o adolescentes de 13 años son las principales víctimas de la violencia sexual infantil y habitualmente el agresor forma parte de su entorno familiar o es alguien conocido y destaca especialmente que en un 32% de los casos se trata de un agresor menor de edad, tal y como ponen de manifiesto los datos recogidos por la Unidad de Atención a las Violencias hacia la Infancia y la Adolescencia (Equipo EMMA) de Vall d’Hebron entre noviembre de 2021 y noviembre de 2022, durante su segundo año de funcionamiento. Durante esos 12 meses, la unidad atendió a 341 pacientes, 34 más que en el mismo periodo del año anterior, un 79% de los cuales había sido víctima de violencia sexual, un 15,5% había sufrido violencia física y un 3%, negligencias en los cuidados . En este sentido, cabe recordar que el Equipo EMMA es el dispositivo referente para niños y adolescentes víctimas de violencia sexual en Barcelona, de ahí la alta representatividad de las víctimas de violencia sexual que, en un 87% de los casos fueron niñas, mientras que, en lo relativo a la edad, el 42% superaban los 13 años , el 34% tenía edades comprendidas entre los 8 y los 12 años, mientras que un 23,5% de las víctimas eran menores de siete años. Respecto al hecho de que el perfil de quien padece violencia sexual infantil sea una niña de 13 años , Giuliana Ríos, trabajadora social sanitaria del Equipo EMMA, explicó durante la presentación del balance de la actividad de la unidad durante el último año que “en algunos casos, son menores que han sufrido recientemente la agresión, pero en otros lo que ocurre es que no es hasta esa edad que son capaces de explicar la experiencia vivida con anterioridad, que pueden verbalizar los hechos que pasaron hace años”. Y en la figura en la que suelen confiar las víctimas para revelar el episodio de violencia sexual sufrido son, principalmente, las madres (45,4%) y la escuela (17%) .",violencia
"Un muerto, saqueos y varios heridos en las fiestas de Barcelona",https://www.larazon.es/cataluna/barcelona/20220925/wrbpcgvjurcrxdr5fte2kfhpni.html,2022-09-25,"La segunda jornada de las fiestas de la Mercè terminó como el rosario de la aurora. El vandalismo se apropió de los alrededores de plaza Espanya tras los conciertos de anoche y después de que la Guardia Urbana intentase desalojar un botellón. De hecho, incluso un joven murió apuñalado . Así las cosas, los hechos se han concentrado en torno a la plaza de Espanya, sobre todo en la calle de la Creu Coberta, entre las cuatro y media y las seis de la madrugada. Acabados los conciertos, un numeroso grupo de personas se ha negado a abandonar la zona , como les pedía la policía para que pudieran intervenir las brigadas de limpieza. En su huida, los grupos de alborotadores han saqueado establecimientos comerciales. También prendieron fuego al mobiliario urbano ya motos, causando destrozos en vehículos aparcados en la zona. Y se ha esparcido por el suelo el mobiliario de algún local de restauración. Por si eso fuera poco, un joven ha muerto apuñalado en Barcelona la madrugada de este domingo durante las fiestas de la Mercè 2022. La agresión se ha producido a las 3:16 horas en la Avenida de la Reina Maria Cristina, en una zona muy cercana se realizan los conciertos. Varias dotaciones de los Mossos d’Esquadra se han desplazado y han encontrado el cuerpo extendido de la víctima en una de las salidas del metro de plaza de Espanya.",Mossos d'Esquadra
Dieciocho heridos por explosión en acto de divulgación científica en Girona,https://www.larazon.es/cataluna/20220930/527jpbcwurcb7crwzpmx2wrho4.html,2022-09-30,"Dieciocho personas han resultado heridas, diez de ellas menores de edad , al explotar un bidón de nitrógeno líquido durante un acto de divulgación científica, que mezclaba magia y ciencia, celebrado en la Casa de la Cultura de Girona para acercar la ciencia a los niños. Entre los heridos hay diez niñas y niños, una de ellas en estado grave , dos menos grave y siete leves, y ocho adultos, uno de ellos en estado menos grave y siete leves. Según han informado fuentes del departamento de Salud de la Generalitat, en el Hospital Josep Trueta de Girona se encuentran cinco de los heridos: una niña de 5 años grave, dos niños de 10 y 12 años menos graves, y una mujer de 47 años leve y un hombre de 31 menos grave que permanece en observación en el servicio de urgencias. En el hospital Santa Caterina de Salt han sido atendidas otras siete personas con heridas leves: dos niñas de 11 y 13 años, un niño de 11, tres mujeres de 23, 42 y 44 años y un hombre de 52.",Sucesos
Los Mossos investigan a un cura por supuesta apropiación indebida en Lleida,https://www.larazon.es/cataluna/mossos-investigan-cura-supuesta-apropiacion-indebida-lleida_202312196581ab76d7b0c30001994002.html,2023-12-19,"En La Pobla de Segur , Lleida, los Mossos d'Esquadra están llevando a cabo una investigación para esclarecer un presunto caso de apropiación indebida por parte de un cura. La denuncia fue presentada por la familia de un anciano residente después de descubrir que las cuentas bancarias del anciano se encontraban en números rojos . Según informes de 'TV3', el Ayuntamiento local intentó cobrar la mensualidad del anciano en la Residencia Virgen de Ribera y, al constatar la falta de fondos, la familia inició una indagación en los movimientos bancario s. Durante este proceso, el residente reveló que el cura habría tenido acceso a su cuenta , generando sospechas de posible malversación de fondos. La investigación de los Mossos d'Esquadra se centra en determinar si el cura en cuestión cometió un delito de apropiación indebida . Mientras tanto, el Obispado de Urgell ha iniciado una investigación interna y se compromete a colaborar plenamente con la justicia para aclarar los hechos. En este contexto, el Obispado hace un llamado al respeto por la presunción de inocencia del acusado mientras avanza la investigación.",Sucesos
Los Mossos piden ayuda para localizar a una menor de 15 años que sigue desaparecida en Lleida,https://www.larazon.es/cataluna/20220620/hy6fy7gwgffx5kjob5xjtmvphu.html,2022-06-20,"Los Mossos d’Esquadra han hecho un llamamiento a través de las redes sociales para encontrar a una joven de 15 años desaparecida en Lleida desde el pasado miércoles, 15 de junio. Se llama Ània, tiene el pelo negro, mide 1,70 y la última vez que fue vista vestía estilo gótico, con jersey y falda de color negro. Si alguien tiene alguna información sobre la chica tiene que llamar al 112. Cinco días después, todavía no hay ninguna novedad respecto a este caso. Los familiares de la menor y la policía han trasladado a las redes sociales la cuestión, con la esperanza de que se difunda y llegue a alguien que sepa alguna cosa.",Sucesos
Condenado a tres meses de prisión por robar comida de los contenedores de un supermercado,https://www.larazon.es/cataluna/tarragona/condenado-tres-meses-prision-robar-comida-contenedores-supermercado_20231027653bca46e8e7a500015b1bef.html,2023-10-27,"Un hombre ha sido condenado a tres meses de cárcel por intentar robar alimentos perecederos del contenedor de un supermercado, una acción que varias personas llevan a cabo para aprovechar productos que de otro modo se desperdiciarían. Los hechos, que ocurrieron en agosto de 2021 en El Vendrell ( Tarragona ), se produjeron en un establecimiento de la calle Consolat de Mar . El individuo saltó una valla metálica aprovechando que se encontraba deteriorada y logró ingresar al patio del negocio, donde se encontraban los contenedores de desechos. El hombre se dirigió a esta área, donde se descartan productos y alimentos defectuosos o vencidos, similares a los que muchos supermercados dejan a la entrada de sus establecimientos y que las personas revisan en busca de comida aprovechable.",Sucesos
Detenido en Tarragona un menor de 13 años por violar a una joven de 15,https://www.larazon.es/cataluna/20220424/3hqn2culjzfg3ksikofv5toj5q.html,2022-04-24,"Un menor de 13 años ha sido detenido esta madrugada en Tarragona como presunto autor de una agresión sexual a una menor de 15 años , tras lo que ha quedado a disposición de sus padres sin ninguna medida penal, dado que por su edad es inimputable. Según han informado a Efe los Mossos d’Esquadra, los hechos tuvieron lugar la pasada noche en Tarragona, sobre la una y media de la madrugada, cuando el menor asaltó a la chica, la violó y le robó su teléfono móvil, al tiempo que la golpeaba . Tras consumarse la agresión sexual, la menor denunció los hechos en una comisaría de los Mossos d'Esquadra y el chico fue localizado y detenido poco después.",Sucesos
Tiroteo mortal en un restaurante con gran afluencia en Salou (Tarragona),https://www.larazon.es/cataluna/20220510/qk3pjer2fjbdfenbrrbmjaeaji.html,2022-05-10,"Un hombre ha muerto la noche de este lunes tras ser herido por arma de fuego en la calle Saragossa de Salou, han informado fuentes de los Mossos d’Esquadra. En un principio, la primera hipótesis es que se trataría de una venganza relacionada con el narcotráfico. La policía local de la ciudad recibió un aviso a las 22.50 horas y, al llegar al lugar, detuvieron a un hombre que estaba siendo retenido por un grupo de personas por su presunta relación con el homicidio. Hasta el lugar también se trasladaron diversas unidades del Sistema d’Emergències Mèdiques (SEM), que no pudieron reanimar a la víctima, y la División de Investigación Criminal (DIC) ha abierto una investigación para esclarecer los hechos. Todo ocurrió pocos minutos antes de las 23 horas de la noche en la calle Saragossa, una zona con mucha afluencia de gente.","Mossos d'Esquadra, Sucesos"
Detenido en Tarragona un miembro del Estado Islámico que animaba a “cortar las cabezas” de infieles,https://www.larazon.es/espana/20220609/df54tkjv4zev3on3peucw4pvc4.html,2022-06-09,"Agentes de la Policía Nacional y de los Mossos d’ Esquadra han detenido a un individuo en la localidad de Vespella de Gaia (Tarragona) por su presunta participación en el delito de adoctrinamiento activo de terceros. Durante la investigación se ha podido constatar como el sujeto se encontraba altamente radicalizado y plenamente adherido a los postulados ideológicos del Estado Islámico (Daesh, Isis). La operación se ha desarrollado de forma conjunta entre la Comisaría General de Información y la Brigada Provincial de Información de Tarragona, ambas de la Policía Nacional, y la Comisaría General d’ Informació de los Mossos d’ Esquadra de Tarragona. A su vez, ha sido coordinada por la Fiscalía de la Audiencia Nacional y dirigida por el Juzgado Central de Instrucción número 3. La investigación comenzó en enero de 2022 cuando los expertos en la lucha contra el terrorismo detectaron a un individuo alineado con los postulados de DAESH que difundía material radical y violento de corte yihadista. Durante las pesquisas, los agentes verificaron cómo el detenido se encontraba altamente radicalizado y plenamente adherido a los postulados ideológicos de la organización terrorista, interiorizando sus mensajes y llevando a cabo un intenso proceso de difusión masiva de contenidos y mensajes yihadistas a terceros, a quienes animaba a cometer acciones violentas, como decapitaciones (de infieles).",Mossos d'Esquadra
Aplicarán la eutanasia al ex vigilante de Securitas que tiroteó a sus ex compañeros en Tarragona,https://www.larazon.es/cataluna/20220621/7ouqqepcfnbrlohstwfrbqbglq.html,2022-06-21,"El vecino de Alcover, de origen rumano, Marin Eugen Sabau, que en diciembre de 2021 disparó contra sus ex compañeros en las oficinas de Securitas en Tarragona , ha pedido la muerte asistida , según ha avanzado la Cadena Ser Catalunya. Sabau, de 46 años, está ingresado, cumpliendo condena, en el hospital penitenciario de Terrassa y sufre una lesión medular desde que fue abatido por los Mossos d’Esquadra durante su huida después de atacar a sus excompañeros. Según ha explicado la emisora, la petición de la eutanasia tiene el aval del médico de Sabau , conocido como ‘el pistolero de Tarragona’ y la petición se ha formalizado al juzgado de instrucción número 5 de Tarragona, que es el que está investigándolo por media decena de intentos de homicidio, tenencia de armas y atentado. Sabau se hizo una «lesión medular incompleta» cuando el equipo los Mossos d’Esquadra consiguieron detenerlo en la masía abandonada donde se había escondido, disparándolo en los brazos y las piernas. Según han afirmado desde la emisora, después de la detención, los médicos le amputaron una pierna y la lesión medular que sufre le provoca actualmente «una importante dependencia y dolor neuropàtic». También según estas fuentes, algunas de las acusaciones, que representan a diversas de las víctimas del ataque de Sabau, pedirán que se paralice el proceso de autorización de la eutanasia.",Sucesos
El pistolero de Tarragona consigue la eutanasia,https://www.larazon.es/cataluna/20220707/qg7a4fbbg5g23pglkpxehc547i.html,2022-07-07,"El juzgado de Tarragona ha decidido no paralizar la eutanasia al vigilante de seguridad que el pasado 14 de diciembre irrumpió a tiros en la empresa donde trabajaba y más tarde se atrincheró en una masía y protagonizó un tiroteo de película con la Policía catalana. Vecino de Alcover y de origen rumano, Marin Eugen Sabau, pidió la muerte asistida. Sabau, de 46 años, está ingresado, cumpliendo condena, en el hospital penitenciario de Terrassa y sufre una lesión medular desde que fue abatido por los Mossos d’Esquadra durante su huida después de atacar a sus ex compañeros de Securitas. Desde el principio, la petición de la eutanasia tiene el aval del médico de Sabau, conocido como ‘el pistolero de Tarragona’, y la petición de formalizó al juzgado de instrucción número 5 de Tarragona, que es el que está investigándolo por media decena de intentos de homicidio, tenencia de armas y atentado.",Sucesos
