company_id,company_name,phone,email,country,website
b-2222,"Ac Fermentum Incorporated",0685565233,donec.porttitor.tellus@yahoo.net,Germany,"https://instagram.com/site"
b-2226,"Magna A Neque Industries",0414446462,risus.donec.nibh@icloud.org,Australia,"https://whatsapp.com/group/9"
b-2230,"Fusce Corp.",0814975885,risus@protonmail.edu,"United States","https://pinterest.com/sub/cars"
b-2234,"Convallis In Incorporated",0666572950,mauris.ut@aol.couk,Germany,"https://cnn.com/user/110"
b-2238,"Ante Iaculis Nec Foundation",0823049953,sed.dictum.proin@outlook.ca,"New Zealand","https://netflix.com/settings"
b-2242,"Donec Ltd",0125513737,at.iaculis@hotmail.couk,Norway,"https://nytimes.com/user/110"
b-2246,"Sed Nunc Ltd",0262647348,nibh@yahoo.org,"United Kingdom","https://cnn.com/one"
b-2250,"Amet Nulla Donec Corporation",0715251474,mattis.integer.eu@protonmail.net,Italy,"https://netflix.com/sub/cars"
b-2254,"Nascetur Ridiculus Mus Inc.",0626876184,suspendisse.dui@icloud.net,"United States","https://ebay.com/sub"
b-2258,"Vestibulum Lorem PC",0202873340,aenean.massa.integer@aol.net,Belgium,"https://pinterest.com/sub/cars"
b-2262,"Gravida Sagittis LLP",0381283397,turpis.vitae@google.ca,Sweden,"https://naver.com/site"
b-2266,"Mus Aenean Eget Foundation",0625155243,mi.duis@hotmail.net,Sweden,"https://instagram.com/group/9"
b-2270,"Dis Parturient Institute",0536297874,purus@protonmail.org,Ireland,"https://google.com/one"
b-2274,"Sed LLC",0163162652,at@outlook.com,Belgium,"https://reddit.com/fr"
b-2278,"Arcu LLP",0646044145,dui@aol.ca,Norway,"https://yahoo.com/sub"
b-2282,"Pretium Neque Corp.",0777485528,eleifend.nec.malesuada@protonmail.couk,Australia,"https://netflix.com/sub"
b-2286,"Fringilla LLC",0829159357,gravida@protonmail.couk,"New Zealand","https://reddit.com/user/110"
b-2290,"Quisque Libero LLC",0145487111,sapien.molestie.orci@hotmail.couk,China,"https://baidu.com/group/9"
b-2294,"Auctor Mauris Vel LLP",0809287414,nec.tempus@icloud.couk,"United States","https://instagram.com/fr"
b-2298,"Elit Etiam Laoreet Associates",0769741745,ultrices@google.couk,Canada,"https://yahoo.com/fr"
b-2302,"Nunc Interdum Incorporated",0518154813,non@outlook.com,Germany,"https://wikipedia.org/en-us"
b-2306,"Augue Foundation",0688431563,mauris@yahoo.com,Germany,"https://baidu.com/sub/cars"
b-2310,"Non Magna LLC",0671731317,nisl.quisque.fringilla@hotmail.ca,"United Kingdom","https://whatsapp.com/site"
b-2314,"A Institute",0334916865,metus.aliquam@google.edu,Belgium,"https://reddit.com/fr"
b-2318,"Quam A Felis Industries",0487102716,proin.velit@icloud.edu,Italy,"https://ebay.com/settings"
b-2322,"Integer Mollis Corp.",0312204524,eu.eros@protonmail.ca,Italy,"https://netflix.com/group/9"
b-2326,"Enim Condimentum Ltd",0955516625,imperdiet.non.vestibulum@yahoo.net,"United Kingdom","https://cnn.com/group/9"
b-2330,"Donec Fringilla PC",0151581444,ut.tincidunt@hotmail.ca,France,"https://google.com/fr"
b-2334,"Amet Institute",0633402133,nullam.lobortis.quam@outlook.net,Australia,"https://nytimes.com/one"
b-2338,"Magna Incorporated",0773694418,non@google.net,"New Zealand","https://twitter.com/en-us"
b-2342,"Fringilla Porttitor Incorporated",0630309781,ultrices.a.auctor@protonmail.couk,Sweden,"https://wikipedia.org/settings"
b-2346,"Ut Semper Foundation",0160363306,consectetuer@google.ca,Sweden,"https://ebay.com/settings"
b-2350,"Aliquet Vel Vulputate Incorporated",0440438418,suspendisse.commodo@outlook.couk,Netherlands,"https://facebook.com/one"
b-2354,"Ac Libero Inc.",0436206429,mollis.lectus@protonmail.ca,"United Kingdom","https://reddit.com/one"
b-2358,"Ac Industries",0934654060,ipsum@yahoo.com,Germany,"https://bbc.co.uk/group/9"
b-2362,"Lorem Eu Incorporated",0183666207,enim.gravida.sit@hotmail.net,Canada,"https://baidu.com/en-ca"
b-2366,"Mauris Institute",0529603687,morbi.vehicula@outlook.couk,Sweden,"https://ebay.com/sub/cars"
b-2370,"Non Justo Corp.",0930541444,urna.ut.tincidunt@yahoo.edu,Sweden,"https://baidu.com/en-us"
b-2374,"Amet Faucibus Ut Foundation",0321624712,malesuada@icloud.net,"United Kingdom","https://zoom.us/fr"
b-2378,"Erat LLP",0318887779,non.vestibulum@protonmail.net,Netherlands,"https://ebay.com/fr"
b-2382,"Neque Tellus Incorporated",0443183419,ultrices.iaculis.odio@aol.ca,Ireland,"https://google.com/site"
b-2386,"Lacus Quisque Associates",0626865577,convallis@yahoo.couk,"United States","https://baidu.com/group/9"
b-2390,"Neque Tellus Imperdiet Corp.",0915422211,vestibulum.ante.ipsum@aol.edu,Ireland,"https://whatsapp.com/sub/cars"
b-2394,"Tortor Nunc Commodo Company",0535927716,placerat.cras@hotmail.net,"United States","https://zoom.us/settings"
b-2398,"Eget Ipsum Ltd",0367445672,lacinia.at.iaculis@hotmail.net,"United States","https://whatsapp.com/settings"
b-2402,"At Pede Corp.",0614483315,ac.mi.eleifend@hotmail.edu,Italy,"https://netflix.com/site"
b-2406,"Non Ante LLP",0889476508,at.augue.id@aol.net,Sweden,"https://nytimes.com/group/9"
b-2410,"Sed Id Limited",0728181813,iaculis.enim@outlook.net,"United States","https://netflix.com/sub/cars"
b-2414,"Netus Et Malesuada Ltd",0255436846,et.ipsum.cursus@aol.edu,Netherlands,"https://baidu.com/sub/cars"
b-2418,"Mauris Id Inc.",0483245085,bibendum.sed.est@yahoo.net,Ireland,"https://google.com/one"
b-2422,"Urna Convallis Associates",0601247704,aliquam@yahoo.org,"United States","https://cnn.com/sub/cars"
b-2426,"Pede Cum Ltd",0762264838,lorem.ipsum.sodales@yahoo.ca,Norway,"https://cnn.com/one"
b-2430,"Interdum Feugiat Sed Associates",0488403252,consectetuer.mauris@yahoo.couk,"United Kingdom","https://nytimes.com/sub"
b-2434,"Tristique Neque Venenatis Institute",0434851285,ullamcorper.magna@hotmail.ca,Sweden,"https://ebay.com/sub"
b-2438,"Nunc Ac PC",0353627695,non.ante@google.com,Sweden,"https://nytimes.com/fr"
b-2442,"Aliquam Erat Volutpat LLP",0601635766,pede.nunc@icloud.net,Italy,"https://instagram.com/fr"
b-2446,"Risus Associates",0425825431,egestas.ligula.nullam@google.edu,Australia,"https://whatsapp.com/group/9"
b-2450,"Turpis Company",0969486552,cursus.integer@outlook.ca,Netherlands,"https://instagram.com/sub"
b-2454,"Justo Eu Arcu Ltd",0842567152,ac.facilisis@icloud.couk,Italy,"https://nytimes.com/group/9"
b-2458,"Eget Tincidunt Dui Institute",0535933244,eget.laoreet@hotmail.org,Netherlands,"https://wikipedia.org/user/110"
b-2462,"Pede Ultrices Ltd",0452402617,justo.proin@yahoo.com,Belgium,"https://instagram.com/group/9"
b-2466,"Amet Lorem LLP",0547446802,ultricies.adipiscing@icloud.edu,Spain,"https://wikipedia.org/one"
b-2470,"Nec Luctus LLC",0214717573,consectetuer.cursus@protonmail.couk,Norway,"https://instagram.com/user/110"
b-2474,"Mauris Incorporated",0684331597,nisi.mauris.nulla@hotmail.net,Norway,"https://cnn.com/site"
b-2478,"Etiam Bibendum Fermentum Industries",0746694502,sem.magna@icloud.ca,France,"https://youtube.com/one"
b-2482,"Dui Cras Associates",0812738784,tristique@yahoo.com,Italy,"https://reddit.com/fr"
b-2486,"Tincidunt Orci Limited",0178188144,velit.pellentesque@outlook.edu,Norway,"https://nytimes.com/settings"
b-2490,"Nunc Sit Incorporated",0728426363,pede.ultrices@icloud.net,Norway,"https://naver.com/en-ca"
b-2494,"Malesuada PC",0174856870,cras.lorem.lorem@outlook.com,Ireland,"https://yahoo.com/fr"
b-2498,"Metus Vitae Associates",0825444066,ad@protonmail.com,Australia,"https://google.com/site"
b-2502,"Dolor Vitae Limited",0653604360,purus.maecenas@yahoo.edu,France,"https://whatsapp.com/user/110"
b-2506,"Sapien Nunc Pulvinar LLP",0837125811,sit.amet@yahoo.net,"New Zealand","https://netflix.com/settings"
b-2510,"Maecenas Malesuada Fringilla Inc.",0938537661,id.ante@yahoo.ca,Netherlands,"https://zoom.us/en-us"
b-2514,"Cras Consulting",0750108563,sed.consequat@google.ca,Belgium,"https://baidu.com/en-us"
b-2518,"Aliquet Sem Limited",0375570201,sem.magna@yahoo.edu,Netherlands,"https://cnn.com/group/9"
b-2522,"Viverra Donec Foundation",0333123273,dictum.eu@outlook.net,"United Kingdom","https://nytimes.com/site"
b-2526,"Amet Luctus Vulputate Foundation",0318542419,nulla@outlook.com,Canada,"https://netflix.com/en-ca"
b-2530,"Tincidunt Associates",0982637661,neque.sed@hotmail.com,Ireland,"https://netflix.com/site"
b-2534,"Mattis Foundation",0674039574,sed@google.couk,Australia,"https://netflix.com/site"
b-2538,"At Associates",0956611065,tristique.neque@yahoo.couk,"New Zealand","https://walmart.com/one"
b-2542,"Nunc In Foundation",0379811892,ac.fermentum@protonmail.com,Italy,"https://netflix.com/sub"
b-2546,"Lorem Ipsum Dolor Corp.",0903147602,augue.id@icloud.net,Sweden,"https://baidu.com/site"
b-2550,"Auctor Mauris Corp.",0562871441,eget.metus@protonmail.ca,Germany,"https://walmart.com/sub"
b-2554,"Cras Vehicula Aliquet Industries",0337868775,arcu@hotmail.org,Netherlands,"https://google.com/sub"
b-2558,"Nulla Integer Vulputate Corp.",0457508448,interdum@protonmail.org,Sweden,"https://yahoo.com/one"
b-2562,"Dictum Eu Corp.",0304736731,donec.vitae@icloud.ca,Canada,"https://netflix.com/en-ca"
b-2566,"Aliquam PC",0145735216,scelerisque.mollis@icloud.org,Germany,"https://yahoo.com/en-ca"
b-2570,"Aliquet Diam Limited",0276614746,eu.eros.nam@icloud.org,"United States","https://facebook.com/en-us"
b-2574,"Orci Adipiscing Limited",0318007781,dolor.fusce@protonmail.ca,"United Kingdom","https://reddit.com/user/110"
b-2578,"Dui Quis Institute",0693287281,luctus.sit.amet@yahoo.couk,"New Zealand","https://yahoo.com/en-us"
b-2582,"Nibh Phasellus Corporation",0848675748,nisi@google.edu,China,"https://netflix.com/sub/cars"
b-2586,"Tempor Diam Institute",0501948087,cursus.in@yahoo.com,Netherlands,"https://naver.com/settings"
b-2590,"Euismod Mauris Institute",0213695485,vivamus.molestie@icloud.ca,Belgium,"https://ebay.com/en-ca"
b-2594,"Et Magnis Ltd",0353761176,dapibus.ligula@protonmail.net,Belgium,"https://instagram.com/sub"
b-2598,"Aliquam Iaculis Lacus Corp.",0443079126,dictum@aol.org,Belgium,"https://pinterest.com/one"
b-2602,"Placerat LLP",0543672441,tellus.suspendisse@hotmail.org,Netherlands,"https://zoom.us/sub"
b-2606,"Sed Est Corp.",0458023791,tempor.bibendum@google.couk,Canada,"https://instagram.com/sub/cars"
b-2610,"Egestas Nunc Sed Limited",0601027047,vitae@hotmail.edu,Italy,"https://walmart.com/one"
b-2614,"Rutrum Non Inc.",0266316109,neque@protonmail.net,Germany,"https://netflix.com/site"
b-2618,"Non Institute",0677153114,amet.metus@protonmail.couk,"United Kingdom","https://guardian.co.uk/settings"
